-- MySQL dump 10.13  Distrib 8.0.32, for Linux (x86_64)
--
-- Host: localhost    Database: LMS
-- ------------------------------------------------------
-- Server version	8.0.33-0ubuntu0.22.04.2

/*!40101 SET @OLD_CHARACTER_SET_CLIENT=@@CHARACTER_SET_CLIENT */;
/*!40101 SET @OLD_CHARACTER_SET_RESULTS=@@CHARACTER_SET_RESULTS */;
/*!40101 SET @OLD_COLLATION_CONNECTION=@@COLLATION_CONNECTION */;
/*!50503 SET NAMES utf8 */;
/*!40103 SET @OLD_TIME_ZONE=@@TIME_ZONE */;
/*!40103 SET TIME_ZONE='+00:00' */;
/*!40014 SET @OLD_UNIQUE_CHECKS=@@UNIQUE_CHECKS, UNIQUE_CHECKS=0 */;
/*!40014 SET @OLD_FOREIGN_KEY_CHECKS=@@FOREIGN_KEY_CHECKS, FOREIGN_KEY_CHECKS=0 */;
/*!40101 SET @OLD_SQL_MODE=@@SQL_MODE, SQL_MODE='NO_AUTO_VALUE_ON_ZERO' */;
/*!40111 SET @OLD_SQL_NOTES=@@SQL_NOTES, SQL_NOTES=0 */;

--
-- Table structure for table `Registration`
--

DROP TABLE IF EXISTS `Registration`;
/*!40101 SET @saved_cs_client     = @@character_set_client */;
/*!50503 SET character_set_client = utf8mb4 */;
CREATE TABLE `Registration` (
  `id` int NOT NULL AUTO_INCREMENT,
  `name` varchar(50) CHARACTER SET utf8mb4 COLLATE utf8mb4_unicode_ci DEFAULT NULL,
  `mobileno` varchar(15) CHARACTER SET utf8mb4 COLLATE utf8mb4_unicode_ci DEFAULT NULL,
  `email` varchar(30) CHARACTER SET utf8mb4 COLLATE utf8mb4_unicode_ci DEFAULT NULL,
  `password` varchar(233) CHARACTER SET utf8mb4 COLLATE utf8mb4_unicode_ci DEFAULT NULL,
  `gender` varchar(20) CHARACTER SET utf8mb4 COLLATE utf8mb4_unicode_ci DEFAULT NULL,
  `hobbies` text CHARACTER SET utf8mb4 COLLATE utf8mb4_unicode_ci,
  `profile` varchar(233) CHARACTER SET utf8mb4 COLLATE utf8mb4_unicode_ci DEFAULT NULL,
  `CreatedAt` timestamp NULL DEFAULT NULL,
  `status` tinyint(1) DEFAULT '1',
  `token` text CHARACTER SET utf8mb4 COLLATE utf8mb4_unicode_ci,
  PRIMARY KEY (`id`)
) ENGINE=InnoDB AUTO_INCREMENT=14 DEFAULT CHARSET=utf8mb4 COLLATE=utf8mb4_unicode_ci;
/*!40101 SET character_set_client = @saved_cs_client */;

--
-- Dumping data for table `Registration`
--

LOCK TABLES `Registration` WRITE;
/*!40000 ALTER TABLE `Registration` DISABLE KEYS */;
INSERT INTO `Registration` VALUES (1,'Rutul Sheladiya','8320893080','rutulsheladiya2@gmail.com','$2y$10$vDt2a5wLVJtm4xSRDRvm0uBfBLvIDvs0qeLsGrimOZ0VjQVSfMTa6','male','cricket,chess,','Screenshot from 2023-05-17 14-28-11.png','2023-05-17 14:04:58',1,''),(2,'Ravi Mandani','8963214785','ravimandani@gmail.com','$2y$10$Cab4Z1O0onJTfPCwRWmVPemTJlCwbDXRMpRYWv3L/amq0Dutp3bga','male','cricket,chess,','Screenshot from 2023-05-16 18-55-52.png','2023-05-17 14:05:15',1,''),(9,'Dhenish Jivani','9090909087','dhenishjivani@gmail.com','$2y$10$RhMUTd0R/dkWN94Q.TJAheQu4yUrM5sBqP8nfhlIaOOT9mNhm/IiK','male','cricket,chess,football,','1.jpg','2023-05-24 09:01:50',1,NULL),(10,'Dheno123456789!@#$%^','8765432123','dheno2@gmail.com','$2y$10$LO7VoVRxy.ogJtSzl4SvpuVHFRfOyr9JCN.XYKK2Iy2Dk2gUOFmVO','female','cricket,chess,football,','5.jpg','2023-05-24 09:04:05',1,NULL);
/*!40000 ALTER TABLE `Registration` ENABLE KEYS */;
UNLOCK TABLES;

--
-- Table structure for table `country`
--

DROP TABLE IF EXISTS `country`;
/*!40101 SET @saved_cs_client     = @@character_set_client */;
/*!50503 SET character_set_client = utf8mb4 */;
CREATE TABLE `country` (
  `c_name` varchar(30) NOT NULL,
  PRIMARY KEY (`c_name`)
) ENGINE=InnoDB DEFAULT CHARSET=utf8mb4 COLLATE=utf8mb4_0900_ai_ci;
/*!40101 SET character_set_client = @saved_cs_client */;

--
-- Dumping data for table `country`
--

LOCK TABLES `country` WRITE;
/*!40000 ALTER TABLE `country` DISABLE KEYS */;
INSERT INTO `country` VALUES ('Australia'),('India'),('Japan'),('USA');
/*!40000 ALTER TABLE `country` ENABLE KEYS */;
UNLOCK TABLES;

--
-- Table structure for table `csvdata`
--

DROP TABLE IF EXISTS `csvdata`;
/*!40101 SET @saved_cs_client     = @@character_set_client */;
/*!50503 SET character_set_client = utf8mb4 */;
CREATE TABLE `csvdata` (
  `first_name` varchar(50) DEFAULT NULL,
  `last_name` varchar(50) DEFAULT NULL,
  `email` varchar(50) DEFAULT NULL,
  `mobileno` varchar(13) DEFAULT NULL,
  `company_name` varchar(233) DEFAULT NULL,
  `address` varchar(233) DEFAULT NULL,
  `zip` varchar(20) DEFAULT NULL
) ENGINE=InnoDB DEFAULT CHARSET=utf8mb4 COLLATE=utf8mb4_0900_ai_ci;
/*!40101 SET character_set_client = @saved_cs_client */;

--
-- Dumping data for table `csvdata`
--

LOCK TABLES `csvdata` WRITE;
/*!40000 ALTER TABLE `csvdata` DISABLE KEYS */;
/*!40000 ALTER TABLE `csvdata` ENABLE KEYS */;
UNLOCK TABLES;

--
-- Table structure for table `email_log`
--

DROP TABLE IF EXISTS `email_log`;
/*!40101 SET @saved_cs_client     = @@character_set_client */;
/*!50503 SET character_set_client = utf8mb4 */;
CREATE TABLE `email_log` (
  `id` int NOT NULL AUTO_INCREMENT,
  `email` varchar(50) CHARACTER SET utf8mb4 COLLATE utf8mb4_unicode_ci DEFAULT NULL,
  PRIMARY KEY (`id`)
) ENGINE=InnoDB AUTO_INCREMENT=12 DEFAULT CHARSET=utf8mb4 COLLATE=utf8mb4_unicode_ci;
/*!40101 SET character_set_client = @saved_cs_client */;

--
-- Dumping data for table `email_log`
--

LOCK TABLES `email_log` WRITE;
/*!40000 ALTER TABLE `email_log` DISABLE KEYS */;
INSERT INTO `email_log` VALUES (6,'ravimandani@gmail.com'),(7,'sumitrajput@gmail.com'),(10,'ravimandani@gmail.com');
/*!40000 ALTER TABLE `email_log` ENABLE KEYS */;
UNLOCK TABLES;

--
-- Table structure for table `employee`
--

DROP TABLE IF EXISTS `employee`;
/*!40101 SET @saved_cs_client     = @@character_set_client */;
/*!50503 SET character_set_client = utf8mb4 */;
CREATE TABLE `employee` (
  `userid` int NOT NULL AUTO_INCREMENT,
  `name` varchar(50) CHARACTER SET utf8mb4 COLLATE utf8mb4_unicode_ci NOT NULL,
  `mobileno` varchar(15) CHARACTER SET utf8mb4 COLLATE utf8mb4_unicode_ci NOT NULL,
  `gender` varchar(10) CHARACTER SET utf8mb4 COLLATE utf8mb4_unicode_ci NOT NULL,
  `skill` text CHARACTER SET utf8mb4 COLLATE utf8mb4_unicode_ci,
  `state` varchar(50) CHARACTER SET utf8mb4 COLLATE utf8mb4_unicode_ci DEFAULT NULL,
  `country` varchar(50) CHARACTER SET utf8mb4 COLLATE utf8mb4_unicode_ci DEFAULT NULL,
  `CreatedAt` timestamp NOT NULL DEFAULT CURRENT_TIMESTAMP ON UPDATE CURRENT_TIMESTAMP,
  PRIMARY KEY (`userid`)
) ENGINE=InnoDB AUTO_INCREMENT=166 DEFAULT CHARSET=utf8mb4 COLLATE=utf8mb4_unicode_ci;
/*!40101 SET character_set_client = @saved_cs_client */;

--
-- Dumping data for table `employee`
--

LOCK TABLES `employee` WRITE;
/*!40000 ALTER TABLE `employee` DISABLE KEYS */;
INSERT INTO `employee` VALUES (164,'Rutul Sheladiya','8320893080','male','HTML , CSS , jQuery , PHP , Laravel','Canberra','Australia','2023-05-25 11:15:28'),(165,'Ravi Mandani','6456451111','female','HTML , CSS , PHP , Laravel','Gujarat','India','2023-05-25 11:16:40');
/*!40000 ALTER TABLE `employee` ENABLE KEYS */;
UNLOCK TABLES;

--
-- Table structure for table `image`
--

DROP TABLE IF EXISTS `image`;
/*!40101 SET @saved_cs_client     = @@character_set_client */;
/*!50503 SET character_set_client = utf8mb4 */;
CREATE TABLE `image` (
  `id` int NOT NULL AUTO_INCREMENT,
  `imgname` varchar(233) DEFAULT NULL,
  `userid` int DEFAULT NULL,
  PRIMARY KEY (`id`),
  KEY `useridfk` (`userid`),
  CONSTRAINT `useridfk` FOREIGN KEY (`userid`) REFERENCES `employee` (`userid`) ON DELETE CASCADE ON UPDATE CASCADE
) ENGINE=InnoDB AUTO_INCREMENT=208 DEFAULT CHARSET=utf8mb4 COLLATE=utf8mb4_0900_ai_ci;
/*!40101 SET character_set_client = @saved_cs_client */;

--
-- Dumping data for table `image`
--

LOCK TABLES `image` WRITE;
/*!40000 ALTER TABLE `image` DISABLE KEYS */;
INSERT INTO `image` VALUES (203,'31027061315.jpg',164),(204,'20078153664.jpg',164),(205,'306625103.jpg',165),(206,'4389042992.jpg',165),(207,'2354647021.jpg',165);
/*!40000 ALTER TABLE `image` ENABLE KEYS */;
UNLOCK TABLES;

--
-- Table structure for table `states`
--

DROP TABLE IF EXISTS `states`;
/*!40101 SET @saved_cs_client     = @@character_set_client */;
/*!50503 SET character_set_client = utf8mb4 */;
CREATE TABLE `states` (
  `s_id` int NOT NULL AUTO_INCREMENT,
  `s_name` varchar(30) NOT NULL,
  `c_name` varchar(30) NOT NULL,
  PRIMARY KEY (`s_id`),
  KEY `c_name` (`c_name`),
  CONSTRAINT `country_fk` FOREIGN KEY (`c_name`) REFERENCES `country` (`c_name`)
) ENGINE=InnoDB AUTO_INCREMENT=16 DEFAULT CHARSET=utf8mb4 COLLATE=utf8mb4_0900_ai_ci;
/*!40101 SET character_set_client = @saved_cs_client */;

--
-- Dumping data for table `states`
--

LOCK TABLES `states` WRITE;
/*!40000 ALTER TABLE `states` DISABLE KEYS */;
INSERT INTO `states` VALUES (1,'Gujarat','India'),(2,'Rajasthan','India'),(3,'Delhi','India'),(4,'Uttarpradesh','India'),(5,'Madhyapradesh','India'),(6,'Kerala','India'),(7,'Queensland','Australia'),(8,'Canberra','Australia'),(9,'Victoria','Australia'),(10,'Tohoku','Japan'),(11,'Shikoku','Japan'),(12,'Hokkaido','Japan'),(13,'Wdhington','USA'),(14,'Clifornia','USA'),(15,'NewYork','USA');
/*!40000 ALTER TABLE `states` ENABLE KEYS */;
UNLOCK TABLES;
/*!40103 SET TIME_ZONE=@OLD_TIME_ZONE */;

/*!40101 SET SQL_MODE=@OLD_SQL_MODE */;
/*!40014 SET FOREIGN_KEY_CHECKS=@OLD_FOREIGN_KEY_CHECKS */;
/*!40014 SET UNIQUE_CHECKS=@OLD_UNIQUE_CHECKS */;
/*!40101 SET CHARACTER_SET_CLIENT=@OLD_CHARACTER_SET_CLIENT */;
/*!40101 SET CHARACTER_SET_RESULTS=@OLD_CHARACTER_SET_RESULTS */;
/*!40101 SET COLLATION_CONNECTION=@OLD_COLLATION_CONNECTION */;
/*!40111 SET SQL_NOTES=@OLD_SQL_NOTES */;

-- Dump completed on 2023-05-26 19:58:07
